{
  "Our Division" : {
    "transaction" : "Our Division",
    "sampleCount" : 20,
    "errorCount" : 0,
    "errorPct" : 0.0,
    "meanResTime" : 142.85,
    "medianResTime" : 140.0,
    "minResTime" : 135.0,
    "maxResTime" : 186.0,
    "pct1ResTime" : 149.8,
    "pct2ResTime" : 184.2,
    "pct3ResTime" : 186.0,
    "throughput" : 0.7032843378577959,
    "receivedKBytesPerSec" : 0.13736022223785077,
    "sentKBytesPerSec" : 0.09203134889936002
  },
  "Press Media" : {
    "transaction" : "Press Media",
    "sampleCount" : 20,
    "errorCount" : 0,
    "errorPct" : 0.0,
    "meanResTime" : 144.7,
    "medianResTime" : 143.0,
    "minResTime" : 138.0,
    "maxResTime" : 167.0,
    "pct1ResTime" : 158.3,
    "pct2ResTime" : 166.6,
    "pct3ResTime" : 167.0,
    "throughput" : 0.7094462771806604,
    "receivedKBytesPerSec" : 0.13579245149161082,
    "sentKBytesPerSec" : 0.09145205916781952
  },
  "Products" : {
    "transaction" : "Products",
    "sampleCount" : 20,
    "errorCount" : 0,
    "errorPct" : 0.0,
    "meanResTime" : 201.49999999999997,
    "medianResTime" : 139.5,
    "minResTime" : 135.0,
    "maxResTime" : 1143.0,
    "pct1ResTime" : 334.1000000000004,
    "pct2ResTime" : 1103.5499999999993,
    "pct3ResTime" : 1143.0,
    "throughput" : 0.7031607073796716,
    "receivedKBytesPerSec" : 0.1304692718770875,
    "sentKBytesPerSec" : 0.08858176880075941
  },
  "CSR" : {
    "transaction" : "CSR",
    "sampleCount" : 20,
    "errorCount" : 0,
    "errorPct" : 0.0,
    "meanResTime" : 144.05,
    "medianResTime" : 140.0,
    "minResTime" : 136.0,
    "maxResTime" : 185.0,
    "pct1ResTime" : 169.30000000000007,
    "pct2ResTime" : 184.35,
    "pct3ResTime" : 185.0,
    "throughput" : 0.708792571853847,
    "receivedKBytesPerSec" : 0.12459244427118404,
    "sentKBytesPerSec" : 0.08583035049792678
  },
  "Our Niche" : {
    "transaction" : "Our Niche",
    "sampleCount" : 20,
    "errorCount" : 0,
    "errorPct" : 0.0,
    "meanResTime" : 150.6,
    "medianResTime" : 138.5,
    "minResTime" : 135.0,
    "maxResTime" : 360.0,
    "pct1ResTime" : 148.8,
    "pct2ResTime" : 349.4499999999998,
    "pct3ResTime" : 360.0,
    "throughput" : 0.703210154354629,
    "receivedKBytesPerSec" : 0.13185190394149293,
    "sentKBytesPerSec" : 0.08927472662705249
  },
  "Join US" : {
    "transaction" : "Join US",
    "sampleCount" : 20,
    "errorCount" : 1,
    "errorPct" : 5.0,
    "meanResTime" : 1271.75,
    "medianResTime" : 144.5,
    "minResTime" : 136.0,
    "maxResTime" : 22694.0,
    "pct1ResTime" : 168.70000000000002,
    "pct2ResTime" : 21567.799999999985,
    "pct3ResTime" : 22694.0,
    "throughput" : 0.7091947094074678,
    "receivedKBytesPerSec" : 0.2115464101450303,
    "sentKBytesPerSec" : 0.08224303881068047
  },
  "Total" : {
    "transaction" : "Total",
    "sampleCount" : 220,
    "errorCount" : 1,
    "errorPct" : 0.45454547,
    "meanResTime" : 260.11818181818194,
    "medianResTime" : 141.0,
    "minResTime" : 135.0,
    "maxResTime" : 22694.0,
    "pct1ResTime" : 153.8,
    "pct2ResTime" : 184.34999999999985,
    "pct3ResTime" : 1153.27,
    "throughput" : 7.363030891261421,
    "receivedKBytesPerSec" : 1.4142000338866763,
    "sentKBytesPerSec" : 0.9071418784932561
  },
  "Contact US" : {
    "transaction" : "Contact US",
    "sampleCount" : 20,
    "errorCount" : 0,
    "errorPct" : 0.0,
    "meanResTime" : 201.75000000000006,
    "medianResTime" : 140.0,
    "minResTime" : 136.0,
    "maxResTime" : 1156.0,
    "pct1ResTime" : 325.6000000000004,
    "pct2ResTime" : 1115.4499999999994,
    "pct3ResTime" : 1156.0,
    "throughput" : 0.7092198581560284,
    "receivedKBytesPerSec" : 0.13020833333333334,
    "sentKBytesPerSec" : 0.08865248226950355
  },
  "Team" : {
    "transaction" : "Team",
    "sampleCount" : 20,
    "errorCount" : 0,
    "errorPct" : 0.0,
    "meanResTime" : 143.55000000000004,
    "medianResTime" : 140.5,
    "minResTime" : 137.0,
    "maxResTime" : 169.0,
    "pct1ResTime" : 151.9,
    "pct2ResTime" : 168.14999999999998,
    "pct3ResTime" : 169.0,
    "throughput" : 0.7098995492137863,
    "receivedKBytesPerSec" : 0.12617355269229405,
    "sentKBytesPerSec" : 0.08665765981613602
  },
  "UtopiaPK" : {
    "transaction" : "UtopiaPK",
    "sampleCount" : 20,
    "errorCount" : 0,
    "errorPct" : 0.0,
    "meanResTime" : 144.0,
    "medianResTime" : 142.0,
    "minResTime" : 138.0,
    "maxResTime" : 157.0,
    "pct1ResTime" : 154.70000000000002,
    "pct2ResTime" : 156.9,
    "pct3ResTime" : 157.0,
    "throughput" : 0.7286770867490071,
    "receivedKBytesPerSec" : 0.11670218967464568,
    "sentKBytesPerSec" : 0.08254545123328597
  },
  "About Us" : {
    "transaction" : "About Us",
    "sampleCount" : 20,
    "errorCount" : 0,
    "errorPct" : 0.0,
    "meanResTime" : 164.9,
    "medianResTime" : 141.5,
    "minResTime" : 137.0,
    "maxResTime" : 372.0,
    "pct1ResTime" : 331.3000000000004,
    "pct2ResTime" : 370.95,
    "pct3ResTime" : 372.0,
    "throughput" : 0.7288364126671769,
    "receivedKBytesPerSec" : 0.13096279290113336,
    "sentKBytesPerSec" : 0.08968104296490653
  },
  "Tour" : {
    "transaction" : "Tour",
    "sampleCount" : 20,
    "errorCount" : 0,
    "errorPct" : 0.0,
    "meanResTime" : 151.64999999999998,
    "medianResTime" : 141.0,
    "minResTime" : 135.0,
    "maxResTime" : 347.0,
    "pct1ResTime" : 154.4,
    "pct2ResTime" : 337.39999999999986,
    "pct3ResTime" : 347.0,
    "throughput" : 0.7091947094074678,
    "receivedKBytesPerSec" : 0.12604827842984292,
    "sentKBytesPerSec" : 0.08657161980071629
  }
}